{
  "exito": true,
  "mejor_fitness": 0.525028053238004,
  "generaciones_ejecutadas": 100,
  "tiempo_total": 0.34143900871276855,
  "mejor_vector": [
    0.5633712967263106,
    0.33242226994705176,
    1.0,
    0.21201046707414034,
    0.4637385958859147,
    0.40496174006595187,
    0.5866258708201648,
    0.01971911918208404,
    0.5607736760793516,
    0.5955869458695905,
    0.8101819601291677,
    0.2545346032269213,
    0.8682770463231733,
    0.04691000883998491,
    0.7278015621377539,
    0.7727238418237848,
    0.3338750089169728,
    0.5517700097562035,
    1.0,
    0.26668408506363883,
    0.39637617263952424,
    0.07476499124250184,
    0.722738240489066,
    0.0012498902971754852,
    0.31772841439794175,
    0.2422712881827588,
    1.0,
    0.3665982716732027,
    0.5963923655099512,
    0.42121683267272836,
    0.9550067557914728,
    0.691158895123407,
    0.0016691929639196126,
    0.25432168358818685,
    0.7383379516359208,
    0.0,
    0.32077274748387835,
    0.1162162375610924,
    0.5591994437387721,
    0.029135107035391374,
    0.19768082654239627,
    1.0,
    0.22986141736985893,
    0.27223537238755585,
    0.9581672191652901,
    0.7809260412894987,
    0.9121415003056744,
    0.7440753187785194,
    1.0,
    0.8163836012080349,
    0.9394301883355747,
    0.3350292014682122
  ],
  "estadisticas_finales": {
    "mejor": 0.525028053238004,
    "promedio": 0.2623829867144499,
    "peor": 0.0,
    "desviacion": 0.2623831102884384
  },
  "configuracion_utilizada": {
    "rancho": {
      "terreno": {
        "ancho": 40.0,
        "largo": 30.0
      },
      "animales": {
        "gallinas": 50,
        "cerdos": 8,
        "vacas": 3,
        "cabras": 15
      },
      "materiales": {
        "gallinas": "malla_gallinera",
        "cerdos": "cerca_metal",
        "vacas": "cerca_madera",
        "cabras": "cerca_alambre"
      },
      "presupuesto": 50000.0,
      "objetivos": {
        "espacio_extra": 0.3,
        "costo_construccion": 0.25,
        "cantidad_materiales": 0.2,
        "eficiencia_manejo": 0.15,
        "aprovechamiento_terreno": 0.1
      }
    },
    "algoritmo": {
      "poblacion": 50,
      "generaciones": 100,
      "mutacion": 0.3,
      "cruza": 0.9
    }
  }
}